epoch;loss;val_loss
0;0.01127987326396432;0.010668145059652346
1;0.009823480455828173;0.010341080599147725
2;0.00944915256986166;0.010611802403193565
3;0.009259354469322814;0.010826416146412858
4;0.008939697598028446;0.011512899053092213
5;0.008692733989869143;0.010910413085546461
6;0.008356758615288493;0.010706698313899232
7;0.008070088271833944;0.011208507445594894
8;0.007844839128629408;0.010898578369367886
9;0.00746564596816457;0.011758669033889554
